"Refs","Value","Footprint","MPN","Manufacturer","LCSC","DNP","Qty"
"C1,C15","1uF 16V","Capacitor_SMD:C_0603_1608Metric","","","C15849","","2"
"C2,C7,C9,C12,C16","10uF 25V","Capacitor_SMD:C_0805_2012Metric","","","C15850","","5"
"C3,C11,C14","100nF 25V","Capacitor_SMD:C_0603_1608Metric","","","C14663","","3"
"C8","1nF 25V","Capacitor_SMD:C_0603_1608Metric","","","C1588","","1"
"C10,C13","22uF 10V","Capacitor_SMD:C_0805_2012Metric","","","C45783","","2"
"C42","100nF 16V","Capacitor_SMD:C_0402_1005Metric","","","C1525","","1"
"D1","USBLC6-2SC6","Package_TO_SOT_SMD:SOT-23-6","USBLC6-2SC6","TECH PUBLIC","C2827654","","1"
"D2","B5819W","Diode_SMD:D_SOD-123","B5819W SL","Changjiang","C8598","","1"
"J1","USB-C / standalone","AQI:USB-C-SMD_TYPE-C-16P-L6.5","TYPE-C 16P L6.5","SHOU HAN","C49287211","","1"
"J2","BAT PWM / Dupont","Connector_PinHeader_2.54mm:PinHeader_1x02_P2.54mm_Vertical","HX PZ2.54-1x2P ZZ","hanxia","C32713268","","1"
"J3","SEN5x / 5V","Connector_JST:JST_GH_SM06B-GHS-TB_1x06-1MP_P1.25mm_Horizontal","XY-SM06B-GHS-TB","XYECO","C51940119","","1"
"J4","SEN6x / 3.3V","Connector_JST:JST_GH_SM04B-GHS-TB_1x04-1MP_P1.25mm_Horizontal","XY-SM04B-GHS-TB","XYECO","C51940118","","1"
"J5","TFT TOP CONTACT","Connector_FFC-FPC:TE_1-84953-0_1x10-1MP_P1.0mm_Horizontal","1-84953-0","TE Connectivity","C3168738","","1"
"J6","E-PAPER ADAPTER (DNP)","Connector_PinHeader_2.54mm:PinHeader_1x08_P2.54mm_Vertical_SMD_Pin1Left","2.54mm 1x08 SMD pin header","","","DNP","1"
"J8","5V EXT / Dupont (DNP)","Connector_PinHeader_2.54mm:PinHeader_1x02_P2.54mm_Vertical","HX PZ2.54-1x2P ZZ","hanxia","C32713268","DNP","1"
"L1,L2","2.2uH SWPA4020S","Inductor_SMD:L_Sunlord_SWPA4020S","SWPA4020S2R2MT","Sunlord","C83423","","2"
"Q1","AO3400A","Package_TO_SOT_SMD:SOT-23","AO3400A","Alpha & Omega","C20917","","1"
"R1-R4,R33","10kR","Resistor_SMD:R_0603_1608Metric","","","C25804","","5"
"R5,R6","5.1kR","Resistor_SMD:R_0603_1608Metric","","","C23186","","2"
"R7,R8","22R","Resistor_SMD:R_0603_1608Metric","","","C23345","","2"
"R15,R17,R19,R27","100kR","Resistor_SMD:R_0603_1608Metric","","","C25803","","4"
"R16","100R","Resistor_SMD:R_0603_1608Metric","","","C22775","","1"
"R18","23.2kR","Resistor_SMD:R_0603_1608Metric","","","C49656146","","1"
"R20","22kR","Resistor_SMD:R_0603_1608Metric","","","C31850","","1"
"R21,R22","4.7kR","Resistor_SMD:R_0603_1608Metric","","","C23162","","2"
"R28","33R","Resistor_SMD:R_1206_3216Metric","","","C25375","","1"
"R34","1kR","Resistor_SMD:R_0603_1608Metric","","","C21190","","1"
"SW1","LEFT","Button_Switch_SMD:SW_Push_1P1T_XKB_TS-1187A","TS-1187A-B-A-B","XKB","C318884","","1"
"SW2","OK","Button_Switch_SMD:SW_Push_1P1T_XKB_TS-1187A","TS-1187A-B-A-B","XKB","C318884","","1"
"SW3","RIGHT","Button_Switch_SMD:SW_Push_1P1T_XKB_TS-1187A","TS-1187A-B-A-B","XKB","C318884","","1"
"SW4","POWER / MSK12C02","Button_Switch_SMD:SW_SPDT_Shouhan_MSK12C02","MSK12C02","SHOU HAN","C431540","","1"
"TP1","GND","TestPoint:TestPoint_Pad_D1.0mm","","","","","1"
"TP2","MCU_EN","TestPoint:TestPoint_Pad_D1.0mm","","","","","1"
"TP3","BOOT_GPIO9","TestPoint:TestPoint_Pad_D1.0mm","","","","","1"
"TP4","BAT_PWM_MCU","TestPoint:TestPoint_Pad_D1.0mm","","","","","1"
"TP5","EPD_BUSY","TestPoint:TestPoint_Pad_D1.0mm","","","","","1"
"TP6","+3V2","TestPoint:TestPoint_Pad_D1.0mm","","","","","1"
"U1","ESP32-C3-MINI-1-H4X","AQI:ESP32-C3-MINI-1","ESP32-C3-MINI-1-H4X","Espressif","C41349510","","1"
"U4","TPS22917DBVR","Package_TO_SOT_SMD:SOT-23-6","TPS22917DBVR","Texas Instruments","C2681320","","1"
"U5,U6","SY8089A1AAC","Package_TO_SOT_SMD:SOT-23-5","SY8089A1AAC","Silergy","C479074","","2"
"U7","TPS7A2033PDBVR","Package_TO_SOT_SMD:SOT-23-5","TPS7A2033PDBVR","Texas Instruments","C2862740","","1"
"U8","SCD41-D-R2","Sensor:Sensirion_SCD4x-1EP_10.1x10.1mm_P1.25mm_EP4.8x4.8mm","SCD41-D-R2","Sensirion","","DNP","1"
