Ref,Val,Package,PosX,PosY,Rot,Side
"C1","1uF 16V","C_0603_1608Metric",1.100000,-63.500000,90.000000,bottom
"C2","10uF 25V","C_0805_2012Metric",1.100000,-60.000000,90.000000,bottom
"C3","100nF 25V","C_0603_1608Metric",1.100000,-67.000000,90.000000,bottom
"C7","10uF 25V","C_0805_2012Metric",11.500000,-55.500000,180.000000,bottom
"C8","1nF 25V","C_0603_1608Metric",24.750000,-62.000000,180.000000,bottom
"C9","10uF 25V","C_0805_2012Metric",12.300000,-51.920000,180.000000,bottom
"C10","22uF 10V","C_0805_2012Metric",16.500000,-52.500000,180.000000,bottom
"C11","100nF 25V","C_0603_1608Metric",20.500000,-54.000000,180.000000,bottom
"C12","10uF 25V","C_0805_2012Metric",10.400000,-26.550000,180.000000,bottom
"C13","22uF 10V","C_0805_2012Metric",14.500000,-27.500000,180.000000,bottom
"C14","100nF 25V","C_0603_1608Metric",14.500000,-30.000000,180.000000,bottom
"C15","1uF 16V","C_0603_1608Metric",27.300000,-41.600000,90.000000,bottom
"C16","10uF 25V","C_0805_2012Metric",25.000000,-42.000000,-90.000000,bottom
"C42","100nF 16V","C_0402_1005Metric",24.200000,-37.350000,180.000000,bottom
"D1","USBLC6-2SC6","SOT-23-6",19.200000,-73.050000,180.000000,bottom
"D2","B5819W","D_SOD-123",37.000000,-67.900000,0.000000,bottom
"J1","USB-C / standalone","USB-C-SMD_TYPE-C-16P-L6.5",26.700000,-71.910000,180.000000,bottom
"J2","BAT PWM / Dupont","PinHeader_1x02_P2.54mm_Vertical",33.850000,-72.100000,-90.000000,bottom
"J3","SEN5x / 5V","JST_GH_SM06B-GHS-TB_1x06-1MP_P1.25mm_Horizontal",34.275000,-43.000000,-90.000000,bottom
"J4","SEN6x / 3.3V","JST_GH_SM04B-GHS-TB_1x04-1MP_P1.25mm_Horizontal",34.275000,-54.600000,-90.000000,bottom
"J5","TFT TOP CONTACT","TE_1-84953-0_1x10-1MP_P1.0mm_Horizontal",22.000000,-16.850000,0.000000,bottom
"L1","2.2uH SWPA4020S","L_Sunlord_SWPA4020S",16.500000,-48.000000,0.000000,bottom
"L2","2.2uH SWPA4020S","L_Sunlord_SWPA4020S",14.500000,-23.000000,0.000000,bottom
"Q1","AO3400A","SOT-23",38.000000,-13.100000,0.000000,bottom
"R1","10kR","R_0603_1608Metric",3.000000,-55.000000,180.000000,bottom
"R2","10kR","R_0603_1608Metric",8.000000,-55.250000,180.000000,bottom
"R3","10kR","R_0603_1608Metric",14.800000,-55.100000,-90.000000,bottom
"R4","10kR","R_0603_1608Metric",32.000000,-63.000000,0.000000,bottom
"R5","5.1kR","R_0603_1608Metric",29.900000,-67.600000,0.000000,bottom
"R6","5.1kR","R_0603_1608Metric",23.600000,-67.600000,180.000000,bottom
"R7","22R","R_0603_1608Metric",18.100000,-67.900000,90.000000,bottom
"R8","22R","R_0603_1608Metric",18.100000,-64.700000,90.000000,bottom
"R15","100kR","R_0603_1608Metric",25.250000,-63.750000,180.000000,bottom
"R16","100R","R_0603_1608Metric",25.500000,-65.500000,180.000000,bottom
"R17","100kR","R_0603_1608Metric",8.200000,-53.300000,180.000000,bottom
"R18","23.2kR","R_0603_1608Metric",8.200000,-51.600000,0.000000,bottom
"R19","100kR","R_0603_1608Metric",6.000000,-26.500000,180.000000,bottom
"R20","22kR","R_0603_1608Metric",6.000000,-29.000000,0.000000,bottom
"R21","4.7kR","R_0603_1608Metric",21.250000,-39.500000,180.000000,bottom
"R22","4.7kR","R_0603_1608Metric",21.250000,-37.750000,180.000000,bottom
"R27","100kR","R_0603_1608Metric",35.200000,-13.100000,90.000000,bottom
"R28","33R","R_1206_3216Metric",40.600000,-17.200000,90.000000,bottom
"R33","10kR","R_0603_1608Metric",35.500000,-64.200000,0.000000,bottom
"R34","1kR","R_0603_1608Metric",35.500000,-65.900000,180.000000,bottom
"SW4","POWER / MSK12C02","SW_SPDT_Shouhan_MSK12C02",43.700000,-65.200000,-90.000000,bottom
"U1","ESP32-C3-MINI-1-H4X","ESP32-C3-MINI-1",9.000000,-67.200000,0.000000,bottom
"U4","TPS22917DBVR","SOT-23-6",21.000000,-62.087500,0.000000,bottom
"U5","SY8089A1AAC","SOT-23-5",11.800000,-48.800000,-90.000000,bottom
"U6","SY8089A1AAC","SOT-23-5",10.400000,-23.400000,-90.000000,bottom
"U7","TPS7A2033PDBVR","SOT-23-5",27.300000,-38.300000,180.000000,bottom
"SW1","LEFT","SW_Push_1P1T_XKB_TS-1187A",9.000000,-66.250000,0.000000,top
"SW2","OK","SW_Push_1P1T_XKB_TS-1187A",22.000000,-66.250000,0.000000,top
"SW3","RIGHT","SW_Push_1P1T_XKB_TS-1187A",35.000000,-66.250000,0.000000,top
