"Comment","Designator","Footprint","LCSC","MPN","Manufacturer","DNP","Qty"
"1uF 16V","C1,C15","Capacitor_SMD:C_0603_1608Metric","C15849","","","","2"
"10uF 25V","C2,C7,C9,C12,C16","Capacitor_SMD:C_0805_2012Metric","C15850","","","","5"
"100nF 25V","C3,C11,C14","Capacitor_SMD:C_0603_1608Metric","C14663","","","","3"
"1nF 25V","C8","Capacitor_SMD:C_0603_1608Metric","C1588","","","","1"
"22uF 10V","C10,C13","Capacitor_SMD:C_0805_2012Metric","C45783","","","","2"
"100nF 16V","C42","Capacitor_SMD:C_0402_1005Metric","C1525","","","","1"
"USBLC6-2SC6","D1","Package_TO_SOT_SMD:SOT-23-6","C2827654","USBLC6-2SC6","TECH PUBLIC","","1"
"B5819W","D2","Diode_SMD:D_SOD-123","C8598","B5819W SL","Changjiang","","1"
"USB-C / standalone","J1","AQI:USB-C-SMD_TYPE-C-16P-L6.5","C49287211","TYPE-C 16P L6.5","SHOU HAN","","1"
"BAT PWM / Dupont","J2","Connector_PinHeader_2.54mm:PinHeader_1x02_P2.54mm_Vertical","C32713268","HX PZ2.54-1x2P ZZ","hanxia","","1"
"SEN5x / 5V","J3","Connector_JST:JST_GH_SM06B-GHS-TB_1x06-1MP_P1.25mm_Horizontal","C51940119","XY-SM06B-GHS-TB","XYECO","","1"
"SEN6x / 3.3V","J4","Connector_JST:JST_GH_SM04B-GHS-TB_1x04-1MP_P1.25mm_Horizontal","C51940118","XY-SM04B-GHS-TB","XYECO","","1"
"TFT TOP CONTACT","J5","Connector_FFC-FPC:TE_1-84953-0_1x10-1MP_P1.0mm_Horizontal","C3168738","1-84953-0","TE Connectivity","","1"
"2.2uH SWPA4020S","L1,L2","Inductor_SMD:L_Sunlord_SWPA4020S","C83423","SWPA4020S2R2MT","Sunlord","","2"
"AO3400A","Q1","Package_TO_SOT_SMD:SOT-23","C20917","AO3400A","Alpha & Omega","","1"
"10kR","R1-R4,R33","Resistor_SMD:R_0603_1608Metric","C25804","","","","5"
"5.1kR","R5,R6","Resistor_SMD:R_0603_1608Metric","C23186","","","","2"
"22R","R7,R8","Resistor_SMD:R_0603_1608Metric","C23345","","","","2"
"100kR","R15,R17,R19,R27","Resistor_SMD:R_0603_1608Metric","C25803","","","","4"
"100R","R16","Resistor_SMD:R_0603_1608Metric","C22775","","","","1"
"23.2kR","R18","Resistor_SMD:R_0603_1608Metric","C49656146","","","","1"
"22kR","R20","Resistor_SMD:R_0603_1608Metric","C31850","","","","1"
"4.7kR","R21,R22","Resistor_SMD:R_0603_1608Metric","C23162","","","","2"
"33R","R28","Resistor_SMD:R_1206_3216Metric","C25375","","","","1"
"1kR","R34","Resistor_SMD:R_0603_1608Metric","C21190","","","","1"
"LEFT","SW1","Button_Switch_SMD:SW_Push_1P1T_XKB_TS-1187A","C318884","TS-1187A-B-A-B","XKB","","1"
"OK","SW2","Button_Switch_SMD:SW_Push_1P1T_XKB_TS-1187A","C318884","TS-1187A-B-A-B","XKB","","1"
"RIGHT","SW3","Button_Switch_SMD:SW_Push_1P1T_XKB_TS-1187A","C318884","TS-1187A-B-A-B","XKB","","1"
"POWER / MSK12C02","SW4","Button_Switch_SMD:SW_SPDT_Shouhan_MSK12C02","C431540","MSK12C02","SHOU HAN","","1"
"GND","TP1","TestPoint:TestPoint_Pad_D1.0mm","","","","","1"
"MCU_EN","TP2","TestPoint:TestPoint_Pad_D1.0mm","","","","","1"
"BOOT_GPIO9","TP3","TestPoint:TestPoint_Pad_D1.0mm","","","","","1"
"BAT_PWM_MCU","TP4","TestPoint:TestPoint_Pad_D1.0mm","","","","","1"
"EPD_BUSY","TP5","TestPoint:TestPoint_Pad_D1.0mm","","","","","1"
"+3V2","TP6","TestPoint:TestPoint_Pad_D1.0mm","","","","","1"
"ESP32-C3-MINI-1-H4X","U1","AQI:ESP32-C3-MINI-1","C41349510","ESP32-C3-MINI-1-H4X","Espressif","","1"
"TPS22917DBVR","U4","Package_TO_SOT_SMD:SOT-23-6","C2681320","TPS22917DBVR","Texas Instruments","","1"
"SY8089A1AAC","U5,U6","Package_TO_SOT_SMD:SOT-23-5","C479074","SY8089A1AAC","Silergy","","2"
"TPS7A2033PDBVR","U7","Package_TO_SOT_SMD:SOT-23-5","C2862740","TPS7A2033PDBVR","Texas Instruments","","1"
