"Reference","Value","MPN","Manufacturer","Footprint","DNP","Datasheet","Assembly note"
"C1","1uF 16V","","","Capacitor_SMD:C_0603_1608Metric","","",""
"C2","10uF 25V","","","Capacitor_SMD:C_0805_2012Metric","","",""
"C3","100nF 25V","","","Capacitor_SMD:C_0603_1608Metric","","",""
"C4","1uF 16V","","","Capacitor_SMD:C_0603_1608Metric","","",""
"C5","100nF 25V","","","Capacitor_SMD:C_0603_1608Metric","","",""
"C6","1uF 16V","","","Capacitor_SMD:C_0603_1608Metric","","",""
"C7","10uF 25V","","","Capacitor_SMD:C_0805_2012Metric","","",""
"C8","1nF 25V","","","Capacitor_SMD:C_0603_1608Metric","","",""
"C9","10uF 25V","","","Capacitor_SMD:C_0805_2012Metric","","",""
"C10","22uF 10V","","","Capacitor_SMD:C_0805_2012Metric","","",""
"C11","100nF 25V","","","Capacitor_SMD:C_0603_1608Metric","","",""
"C12","10uF 25V","","","Capacitor_SMD:C_0805_2012Metric","","",""
"C13","22uF 10V","","","Capacitor_SMD:C_0805_2012Metric","","",""
"C14","100nF 25V","","","Capacitor_SMD:C_0603_1608Metric","","",""
"C15","1uF 16V","","","Capacitor_SMD:C_0603_1608Metric","DNP","",""
"C16","10uF 25V","","","Capacitor_SMD:C_0805_2012Metric","DNP","",""
"C17","100nF 25V","","","Capacitor_SMD:C_0603_1608Metric","","",""
"C18","100nF 25V","","","Capacitor_SMD:C_0603_1608Metric","","",""
"C19","470nF 16V","","","Capacitor_SMD:C_0603_1608Metric","","",""
"C30","4.7uF 50V","","","Capacitor_SMD:C_0805_2012Metric","DNP","",""
"C31","4.7uF 50V","","","Capacitor_SMD:C_0805_2012Metric","DNP","",""
"C32","1uF 50V","","","Capacitor_SMD:C_0805_2012Metric","DNP","",""
"C33","1uF 50V","","","Capacitor_SMD:C_0805_2012Metric","DNP","",""
"C34","1uF 50V","","","Capacitor_SMD:C_0805_2012Metric","DNP","",""
"C35","1uF 50V","","","Capacitor_SMD:C_0805_2012Metric","DNP","",""
"C36","1uF 50V","","","Capacitor_SMD:C_0805_2012Metric","DNP","",""
"C38","1uF 50V","","","Capacitor_SMD:C_0805_2012Metric","DNP","",""
"C39","1uF 50V","","","Capacitor_SMD:C_0805_2012Metric","DNP","",""
"C40","1uF 50V","","","Capacitor_SMD:C_0805_2012Metric","DNP","",""
"C41","1uF 50V","","","Capacitor_SMD:C_0805_2012Metric","DNP","",""
"C42","100nF 16V","","","Capacitor_SMD:C_0402_1005Metric","DNP","",""
"D1","USBLC6-2SC6","USBLC6-2SC6","STMicroelectronics","Package_TO_SOT_SMD:SOT-23-6","","",""
"D10","MBR0530","","","Diode_SMD:D_SOD-123","DNP","",""
"D11","MBR0530","","","Diode_SMD:D_SOD-123","DNP","",""
"D12","MBR0530","","","Diode_SMD:D_SOD-123","DNP","",""
"J1","USB-C / standalone","USB4105-GF-A","GCT","Connector_USB:USB_C_Receptacle_GCT_USB4105-xx-A_16P_TopMnt_Horizontal","","",""
"J2","BATTERY / JST GH","SM10B-GHS-TB(LF)(SN)","JST","Connector_JST:JST_GH_SM10B-GHS-TB_1x10-1MP_P1.25mm_Horizontal","","",""
"J3","SEN5x / 5V","SM06B-GHS-TB(LF)(SN)","JST","Connector_JST:JST_GH_SM06B-GHS-TB_1x06-1MP_P1.25mm_Horizontal","","",""
"J4","SEN6x / 3.3V","SM04B-GHS-TB(LF)(SN)","JST","Connector_JST:JST_GH_SM04B-GHS-TB_1x04-1MP_P1.25mm_Horizontal","","","Custom 4-to-6 cable. Sensor pins5/6 open; pin1 3.3V,2GND,3SDA,4SCL."
"J5","TFT TOP CONTACT","1-84953-0","TE Connectivity","Connector_FFC-FPC:TE_1-84953-0_1x10-1MP_P1.0mm_Horizontal","","",""
"J6","GDEY037T03","GDEY037T03","","Connector_FFC-FPC:Hirose_FH12-24S-0.5SH_1x24-1MP_P0.50mm_Horizontal","DNP","",""
"J7","EPD BS high override","EPD BS high override","","Jumper:SolderJumper-2_P1.3mm_Open_Pad1.0x1.5mm","DNP","","Remove R32 before bridging J7. Default BS low matches vendor circuit."
"L1","2.2uH SWPA4020S","SWPA4020S2R2MT","Sunlord","Inductor_SMD:L_Sunlord_SWPA4020S","","",""
"L2","2.2uH SWPA4020S","SWPA4020S2R2MT","Sunlord","Inductor_SMD:L_Sunlord_SWPA4020S","","",""
"L3","10uH 1A","SWPA4020S100MT","","Inductor_SMD:L_Sunlord_SWPA4020S","DNP","",""
"Q1","AO3400A","AO3400A","Alpha & Omega Semiconductor","Package_TO_SOT_SMD:SOT-23","","https://www.aosmd.com/sites/default/files/res/data_sheets/AO3400A.pdf",""
"Q2","AO3400A","AO3400A","Alpha & Omega Semiconductor","Package_TO_SOT_SMD:SOT-23","","https://www.aosmd.com/sites/default/files/res/data_sheets/AO3400A.pdf",""
"Q3","Si1308EDL","Si1308EDL","","Package_TO_SOT_SMD:SOT-323_SC-70","DNP","",""
"Q4","AO3400A","AO3400A","Alpha & Omega Semiconductor","Package_TO_SOT_SMD:SOT-23","","https://www.aosmd.com/sites/default/files/res/data_sheets/AO3400A.pdf",""
"R1","10kR","","","Resistor_SMD:R_0603_1608Metric","","",""
"R2","10kR","","","Resistor_SMD:R_0603_1608Metric","","",""
"R3","10kR","","","Resistor_SMD:R_0603_1608Metric","","",""
"R4","10kR","","","Resistor_SMD:R_0603_1608Metric","","",""
"R5","5.1kR","","","Resistor_SMD:R_0603_1608Metric","","",""
"R6","5.1kR","","","Resistor_SMD:R_0603_1608Metric","","",""
"R7","22R","","","Resistor_SMD:R_0603_1608Metric","","",""
"R8","22R","","","Resistor_SMD:R_0603_1608Metric","","",""
"R9","47kR","","","Resistor_SMD:R_0603_1608Metric","","",""
"R10","47kR","","","Resistor_SMD:R_0603_1608Metric","","",""
"R11","1MR","","","Resistor_SMD:R_0603_1608Metric","","",""
"R12","100kR","","","Resistor_SMD:R_0603_1608Metric","","",""
"R13","301kR","","","Resistor_SMD:R_0603_1608Metric","","",""
"R14","100kR","","","Resistor_SMD:R_0603_1608Metric","","",""
"R15","100kR","","","Resistor_SMD:R_0603_1608Metric","","",""
"R16","100R","","","Resistor_SMD:R_0603_1608Metric","","",""
"R17","300kR","","","Resistor_SMD:R_0603_1608Metric","","",""
"R18","100kR","","","Resistor_SMD:R_0603_1608Metric","","",""
"R19","316kR","","","Resistor_SMD:R_0603_1608Metric","","",""
"R20","100kR","","","Resistor_SMD:R_0603_1608Metric","","",""
"R21","4.7kR","","","Resistor_SMD:R_0603_1608Metric","","",""
"R22","4.7kR","","","Resistor_SMD:R_0603_1608Metric","","",""
"R23","10kR","","","Resistor_SMD:R_0603_1608Metric","","",""
"R24","10kR","","","Resistor_SMD:R_0603_1608Metric","","",""
"R25","10kR","","","Resistor_SMD:R_0603_1608Metric","","",""
"R26","1.5R","","","Resistor_SMD:R_0603_1608Metric","","",""
"R27","100kR","","","Resistor_SMD:R_0603_1608Metric","","",""
"R28","0R","","","Resistor_SMD:R_0603_1608Metric","","",""
"R30","1MR","","","Resistor_SMD:R_0603_1608Metric","DNP","",""
"R31","0.47R","","","Resistor_SMD:R_0603_1608Metric","DNP","",""
"R32","0R","","","Resistor_SMD:R_0603_1608Metric","","",""
"SW1","LEFT","KMR221GLFS","C&K","Button_Switch_SMD:SW_Push_1P1T_NO_CK_KMR2","","",""
"SW2","OK","KMR221GLFS","C&K","Button_Switch_SMD:SW_Push_1P1T_NO_CK_KMR2","","",""
"SW3","RIGHT","KMR221GLFS","C&K","Button_Switch_SMD:SW_Push_1P1T_NO_CK_KMR2","","",""
"SW4","POWER / JS102011SAQN","JS102011SAQN","C&K","Button_Switch_SMD:SW_SPDT_CK_JS102011SAQN","","",""
"TP1","GND","","","TestPoint:TestPoint_Pad_D1.0mm","","",""
"TP2","MCU_EN","","","TestPoint:TestPoint_Pad_D1.0mm","","",""
"TP3","BOOT_GPIO9","","","TestPoint:TestPoint_Pad_D1.0mm","","",""
"TP4","UART_TX","","","TestPoint:TestPoint_Pad_D1.0mm","","",""
"TP5","EPD_BUSY","","","TestPoint:TestPoint_Pad_D1.0mm","","",""
"TP6","+3V2","","","TestPoint:TestPoint_Pad_D1.0mm","","",""
"U1","ESP32-C3-MINI-1-H4","ESP32-C3-MINI-1-H4","Espressif","AQI:ESP32-C3-MINI-1","","https://documentation.espressif.com/esp32-c3-mini-1_datasheet_en.html",""
"U2","TS3USB30EDGSR","TS3USB30EDGSR","Texas Instruments","Package_SO:TSSOP-10_3x3mm_P0.5mm","","",""
"U3","TPS2116DRLR","TPS2116DRLR","Texas Instruments","Package_TO_SOT_SMD:SOT-583-8","","",""
"U4","TPS22917DBVR","TPS22917DBVR","Texas Instruments","Package_TO_SOT_SMD:SOT-23-6","","",""
"U5","TPS62160DGKR","TPS62160DGKR","Texas Instruments","Package_SO:MSOP-8_3x3mm_P0.65mm","","",""
"U6","TPS62160DGKR","TPS62160DGKR","Texas Instruments","Package_SO:MSOP-8_3x3mm_P0.65mm","","",""
"U7","TPS7A2033PDBVR","TPS7A2033PDBVR","Texas Instruments","Package_TO_SOT_SMD:SOT-23-5","DNP","",""
"U8","SCD41-D-R2","SCD41-D-R2","Sensirion","Sensor:Sensirion_SCD4x-1EP_10.1x10.1mm_P1.25mm_EP4.8x4.8mm","DNP","","Optional; vented sensor body 10.1x10.1mm, clearance and thermal review required"
"U9","MCP23008-E/SO","MCP23008-E/SO","Microchip","Package_SO:SOIC-18W_7.5x11.6mm_P1.27mm","","",""
"U10","STCS05ADR","STCS05ADR","STMicroelectronics","Package_SO:SOIC-8_3.9x4.9mm_P1.27mm","","",""
