Reference,Value,MPN,Manufacturer,Footprint,DNP,Note
J1,USB-C INPUT + DATA,12401610E4#2A,Amphenol,Connector_USB:USB_C_Receptacle_Amphenol_12401610E4-2A,False,USB2 data retained. Unused SuperSpeed and SBU contacts NC. Matching library STEP model; centred on 26.2mm board.
J2,18650 / Keystone 1042,1042,Keystone,AQI:BatteryHolder_Keystone_1042_BareHeaderClearance,False,Stock Keystone 1042 pad geometry; silk moved to fabrication layer to clear auxiliary holes. Actual holder STEP retained.
J3,MAIN BOARD / GH 10,SM10B-GHS-TB,JST,Connector_JST:JST_GH_SM10B-GHS-TB_1x10-1MP_P1.25mm_Horizontal,False,Optional AQI link. Standalone charging and outputs do not require this connector.
U2,TPS61023 / 5V,TPS61023DRLR,Texas Instruments,Package_TO_SOT_SMD:SOT-563,False,
U3,TPS63031 / 3.3V,TPS63031DSKR,Texas Instruments,Package_SON:WSON-10-1EP_2.5x2.5mm_P0.5mm_EP1.2x2mm,False,
U4,MAX17048 / 0x36,MAX17048G+T10,Analog Devices,Package_DFN_QFN:TDFN-8-1EP_2x2mm_P0.5mm_EP0.8x1.2mm,False,Optional I2C fuel gauge for host; no host needed for charging or indicator.
U5,DW01A / PROTECTOR,DW01A,Tani,Package_TO_SOT_SMD:SOT-23-6,False,Exact Tani thresholds; never substitute without checking voltage thresholds and delay times.
Q2,FS8205A / TSSOP-8,FS8205A,Fortune Semiconductor,Package_SO:TSSOP-8_4.4x3mm_P0.65mm,False,
L1,1uH,XAL5030-102MEC,Coilcraft,Inductor_SMD:L_Coilcraft_XAL5030-XXX,False,
L2,2.2uH,XAL4020-222MEC,Coilcraft,Inductor_SMD:L_Coilcraft_XAL4020-XXX,False,
R7,100kR,TBD,TBD,Resistor_SMD:R_0603_1608Metric,False,
R8,150kR,TBD,TBD,Resistor_SMD:R_0603_1608Metric,False,
R9,470R,TBD,TBD,Resistor_SMD:R_0603_1608Metric,False,
R10,1kR,TBD,TBD,Resistor_SMD:R_0603_1608Metric,False,
C5,100nF 16V X7R,TBD,TBD,Capacitor_SMD:C_0603_1608Metric,False,
R13,750kR 0.1%,TBD,TBD,Resistor_SMD:R_0603_1608Metric,False,
R14,82.5kR 0.1%,TBD,TBD,Resistor_SMD:R_0603_1608Metric,False,
C7,10uF 16V X7R,TBD,TBD,Capacitor_SMD:C_0805_2012Metric,False,
C8,22uF 16V X7R,TBD,TBD,Capacitor_SMD:C_0805_2012Metric,False,
C9,22uF 16V X7R,TBD,TBD,Capacitor_SMD:C_0805_2012Metric,False,
C10,22uF 16V X7R,TBD,TBD,Capacitor_SMD:C_0805_2012Metric,False,
C11,10uF 16V X7R,TBD,TBD,Capacitor_SMD:C_0805_2012Metric,False,
C12,100nF 16V X7R,TBD,TBD,Capacitor_SMD:C_0603_1608Metric,False,
C13,22uF 16V X7R,TBD,TBD,Capacitor_SMD:C_0805_2012Metric,False,
C14,22uF 16V X7R,TBD,TBD,Capacitor_SMD:C_0805_2012Metric,False,
R18,4.7kR,TBD,TBD,Resistor_SMD:R_0603_1608Metric,True,Populate only for independent I2C operation. Main PCB supplies the pullups.
R19,4.7kR,TBD,TBD,Resistor_SMD:R_0603_1608Metric,True,Populate only for independent I2C operation. Main PCB supplies the pullups.
D2,USBLC6-2SC6,USBLC6-2SC6,STMicroelectronics,Package_TO_SOT_SMD:SOT-23-6,False,
U1,BQ25606 / 4.2V,BQ25606RGER,Texas Instruments,AQI:BQ25606_RGE_ThermalVias_03,False,VSET must FLOAT for 4.2V. D+/D- float so ILIM controls unknown-adapter input limit; GH USB data remain separate. R36 supplies the normal-temperature bypass by default. Remove R36 when fitting TH1.
L3,2.2uH,XAL4020-222MEC,Coilcraft,Inductor_SMD:L_Coilcraft_XAL4020-XXX,False,
C1,1uF 16V,SELECT EXACT PART,,Capacitor_SMD:C_0603_1608Metric,False,X7R; verify effective capacitance at operating bias
C2,10uF 16V,SELECT EXACT PART,,Capacitor_SMD:C_0805_2012Metric,False,X7R; verify effective capacitance at operating bias
C3,22uF 16V,SELECT EXACT PART,,Capacitor_SMD:C_0805_2012Metric,False,X7R; verify effective capacitance at operating bias
C4,22uF 16V,SELECT EXACT PART,,Capacitor_SMD:C_0805_2012Metric,False,X7R; verify effective capacitance at operating bias
C6,4.7uF 10V,SELECT EXACT PART,,Capacitor_SMD:C_0603_1608Metric,False,X7R; verify effective capacitance at operating bias
C16,47nF 16V,SELECT EXACT PART,,Capacitor_SMD:C_0603_1608Metric,False,X7R; verify effective capacitance at operating bias
C17,22uF 16V,SELECT EXACT PART,,Capacitor_SMD:C_0805_2012Metric,False,X7R; verify effective capacitance at operating bias
R3,1.37kR,SELECT EXACT PART,,Resistor_SMD:R_0603_1608Metric,False,1% unless explicitly stated
R4,681R,SELECT EXACT PART,,Resistor_SMD:R_0603_1608Metric,False,1% unless explicitly stated
R5,681R,SELECT EXACT PART,,Resistor_SMD:R_0603_1608Metric,False,1% unless explicitly stated
SW1,500mA / 1A / 1.5A,PCM13SMTR,C&K,Button_Switch_SMD:SW_SP3T_PCM13,False,Recessed actuator. Pin3 common. Ladder limits overlapping contacts to HIGH; open contact falls back LOW. Adjust with input power disconnected.
R6,953R,SELECT EXACT PART,,Resistor_SMD:R_0603_1608Metric,False,1% unless explicitly stated
R11,523R,SELECT EXACT PART,,Resistor_SMD:R_0603_1608Metric,False,1% unless explicitly stated
R12,5.23kR,SELECT EXACT PART,,Resistor_SMD:R_0603_1608Metric,False,1% unless explicitly stated
R15,30.9kR,SELECT EXACT PART,,Resistor_SMD:R_0603_1608Metric,False,1% unless explicitly stated
U6,USB-C INPUT detect,TUSB320LAIRWBR,Texas Instruments,Package_DFN_QFN:Texas_X2QFN-12_1.6x1.6mm_P0.4mm,False,
R16,887kR,SELECT EXACT PART,,Resistor_SMD:R_0603_1608Metric,False,1% unless explicitly stated
R17,10kR,SELECT EXACT PART,,Resistor_SMD:R_0603_1608Metric,False,1% unless explicitly stated
C15,100nF 16V,SELECT EXACT PART,,Capacitor_SMD:C_0603_1608Metric,False,X7R; verify effective capacitance at operating bias
Q3,MMBT3904,MMBT3904,onsemi,Package_TO_SOT_SMD:SOT-23,False,
R20,100kR,SELECT EXACT PART,,Resistor_SMD:R_0603_1608Metric,False,1% unless explicitly stated
R21,100kR,SELECT EXACT PART,,Resistor_SMD:R_0603_1608Metric,False,1% unless explicitly stated
R22,1MR,SELECT EXACT PART,,Resistor_SMD:R_0603_1608Metric,False,1% unless explicitly stated
Q4,2N7002,2N7002,Nexperia,Package_TO_SOT_SMD:SOT-23,False,
J7,5V USB-C OUTPUT,USB4135-GF-A,GCT,Connector_USB:USB_C_Receptacle_GCT_USB4135-GF-A_6P_TopMnt_Horizontal,False,
U7,USB-C OUTPUT attach,TUSB320LAIRWBR,Texas Instruments,Package_DFN_QFN:Texas_X2QFN-12_1.6x1.6mm_P0.4mm,False,
R23,100kR,SELECT EXACT PART,,Resistor_SMD:R_0603_1608Metric,False,1% unless explicitly stated
R24,887kR,SELECT EXACT PART,,Resistor_SMD:R_0603_1608Metric,False,1% unless explicitly stated
R25,10kR,SELECT EXACT PART,,Resistor_SMD:R_0603_1608Metric,False,1% unless explicitly stated
C18,100nF 16V,SELECT EXACT PART,,Capacitor_SMD:C_0603_1608Metric,False,X7R; verify effective capacitance at operating bias
U8,USB OUT protection,TPS2552DBVR,Texas Instruments,Package_TO_SOT_SMD:SOT-23-6,False,
R26,47.5kR,SELECT EXACT PART,,Resistor_SMD:R_0603_1608Metric,False,1% unless explicitly stated
R27,10kR,SELECT EXACT PART,,Resistor_SMD:R_0603_1608Metric,False,1% unless explicitly stated
C19,22uF 16V,SELECT EXACT PART,,Capacitor_SMD:C_0805_2012Metric,False,X7R; verify effective capacitance at operating bias
C20,100nF 16V,SELECT EXACT PART,,Capacitor_SMD:C_0603_1608Metric,False,X7R; verify effective capacitance at operating bias
U9,Battery voltage bands,LMV393IPWR,Texas Instruments,Package_SO:TSSOP-8_3x3mm_P0.65mm,False,
U10,1.24V reference,TLV431BIDBZR,Texas Instruments,Package_TO_SOT_SMD:SOT-23,False,
R28,10kR,SELECT EXACT PART,,Resistor_SMD:R_0603_1608Metric,False,1% unless explicitly stated
R29,215kR,SELECT EXACT PART,,Resistor_SMD:R_0603_1608Metric,False,1% unless explicitly stated
R30,100kR,SELECT EXACT PART,,Resistor_SMD:R_0603_1608Metric,False,1% unless explicitly stated
R31,182kR,SELECT EXACT PART,,Resistor_SMD:R_0603_1608Metric,False,1% unless explicitly stated
R32,100kR,SELECT EXACT PART,,Resistor_SMD:R_0603_1608Metric,False,1% unless explicitly stated
C21,100nF 16V,SELECT EXACT PART,,Capacitor_SMD:C_0603_1608Metric,False,X7R; verify effective capacitance at operating bias
C22,100nF 16V,SELECT EXACT PART,,Capacitor_SMD:C_0603_1608Metric,False,X7R; verify effective capacitance at operating bias
C23,100nF 16V,SELECT EXACT PART,,Capacitor_SMD:C_0603_1608Metric,False,X7R; verify effective capacitance at operating bias
D1,Dim RGB,SML-LXT0805SIUGUBW,Lumex,LED_SMD:LED_RGB_Lumex_SML-LXT0805SIUGUBW,False,
R33,10kR,SELECT EXACT PART,,Resistor_SMD:R_0603_1608Metric,False,1% unless explicitly stated
R34,10kR,SELECT EXACT PART,,Resistor_SMD:R_0603_1608Metric,False,1% unless explicitly stated
R35,10kR,SELECT EXACT PART,,Resistor_SMD:R_0603_1608Metric,False,1% unless explicitly stated
#FLG1,PWR_FLAG,SELECT EXACT PART,,,False,
#FLG2,PWR_FLAG,SELECT EXACT PART,,,False,
#FLG3,PWR_FLAG,SELECT EXACT PART,,,False,
#FLG4,PWR_FLAG,SELECT EXACT PART,,,False,
#FLG5,PWR_FLAG,SELECT EXACT PART,,,False,
C24,100nF 16V X7R,SELECT EXACT PART,,Capacitor_SMD:C_0603_1608Metric,False,Fuel gauge local bypass
J8,3V3 / 5V / GND,SELECT EXACT PART,,Connector_PinHeader_2.54mm:PinHeader_1x03_P2.54mm_Vertical,True,Unpopulated plated holes. 2.54mm pitch. Trim soldered wire ends flush on holder side. Shared output current budget.
J9,3V3 / 5V / GND,SELECT EXACT PART,,Connector_PinHeader_2.54mm:PinHeader_1x03_P2.54mm_Vertical,True,Unpopulated plated holes. 2.54mm pitch. Trim soldered wire ends flush on holder side. Shared output current budget.
R36,10kR 1%,SELECT EXACT PART,,Resistor_SMD:R_0603_1608Metric,False,DEFAULT POPULATED: fixed temperature bypass. Remove when fitting TH1. Never populate both R36 and TH1.
TH1,10kR NTC / 3435K,NTCS0603E3103FLT,Vishay,Resistor_SMD:R_0603_1608Metric,True,"Optional SMD PCB-temperature sensing; remove R36 to enable. Does not directly sense cell temperature. 0603, 10k at25C, B25/85 3435K."
